{
  "task": "ДЗ1.1",
  "eps": 0.0001,
  "function": "f(x)=x^3/3-5x+x ln(x)",
  "segment": [
    1.5,
    2.0
  ],
  "iterations": [
    {
      "k": 1,
      "u": 1.5,
      "v": 2.0,
      "f_u": -5.7668023378377535,
      "f_v": -5.947038972213443,
      "df_u": -1.3445348918918354,
      "df_v": 0.6931471805599454,
      "w": 0.4300320949222476,
      "z": 1.056829301326621,
      "x_new": 1.8410219143324191,
      "f_new": -6.00153254526182,
      "df_new": -0.0003175052737187656,
      "interval_length": 0.5
    },
    {
      "k": 2,
      "u": 1.8410219143324191,
      "v": 2.0,
      "f_u": -6.00153254526182,
      "f_v": -5.947038972213443,
      "df_u": -0.0003175052737187656,
      "df_v": 0.6931471805599454,
      "w": -0.335492677814464,
      "z": 0.335820509725673,
      "x_new": 1.8410970692965165,
      "f_new": -6.001532557191207,
      "df_new": 4.582997981117387e-08,
      "interval_length": 0.15897808566758087
    }
  ],
  "answer": {
    "x_min": 1.8410970692965165,
    "f_min": -6.001532557191207,
    "abs_df": 4.582997981117387e-08
  }
}